{
  "camera": "cam1",
  "view": "overhead",
  "image_size": [
    1920,
    1080
  ],
  "board_size": [
    5,
    3
  ],
  "square_mm": 23.8,
  "mm_per_pixel": 0.8155,
  "corners_px": [
    [
      333.8,
      657.5
    ],
    [
      311.4,
      648.8
    ],
    [
      287.5,
      639.6
    ],
    [
      262.1,
      629.8
    ],
    [
      235.1,
      619.5
    ],
    [
      339.6,
      623.4
    ],
    [
      316.9,
      613.6
    ],
    [
      293.3,
      603.5
    ],
    [
      268.4,
      592.7
    ],
    [
      242.3,
      581.3
    ],
    [
      346.6,
      589.4
    ],
    [
      323.2,
      579.1
    ],
    [
      299.6,
      568.1
    ],
    [
      274.9,
      556.4
    ],
    [
      249.6,
      544.0
    ]
  ],
  "board_region_px": {
    "x_min": 235.1,
    "x_max": 346.6,
    "y_min": 544.0,
    "y_max": 657.5
  },
  "homography": [
    [
      -0.7095825410812738,
      -0.12445765209926972,
      318.8129489602492
    ],
    [
      0.18007416234888676,
      -0.4619754631759674,
      243.70515234158427
    ],
    [
      -0.0007077363100138788,
      -7.898890494507906e-05,
      1.0
    ]
  ],
  "notes": "Checkerboard flat on table. Perspective visible (spacing 24-29px). Scale ~0.89mm/px at board.",
  "mm_per_pixel_ruler": 0.8458,
  "ruler_notes": "From yellow tape measure (8 inches visible). Tape endpoints: [540, 478] to [780, 467]"
}