{
  "version": 2,
  "projection_type": "pinhole",
  "dh_theta_offsets_deg": [
    -19.183309202720373,
    -29.9773791713513,
    -0.4054328538411067,
    29.9295448421416,
    -0.1566146661727372,
    26.255873448192638,
    0.0
  ],
  "camera_params": {
    "cam1": {
      "fx": 276.75806119859783,
      "fy": 1204.1384999026245,
      "cx": 942.648552601479,
      "cy": 547.6303070876723,
      "rx": -0.6815835921865223,
      "ry": 1.7364887838847536,
      "rz": -0.9450014807100084,
      "tx": -0.24309022467599475,
      "ty": 0.06796196983754337,
      "tz": 0.22258061041444221
    },
    "cam0": {
      "fx": 1253.7530565623995,
      "fy": 1198.3957424111418,
      "cx": 960.89603467867,
      "cy": 540.570802313294,
      "rx": 0.9918968770385618,
      "ry": -0.1626042328073748,
      "rz": -1.5412020090425735,
      "tx": -0.00022581825898098114,
      "ty": -7.987886522918173e-05,
      "tz": 0.10019059150853402
    }
  },
  "dh_d_mm": [
    121.5,
    0.0,
    208.5,
    0.0,
    208.5,
    0.0,
    113.0
  ],
  "dh_alpha": [
    -1.5707963267948966,
    1.5707963267948966,
    -1.5707963267948966,
    1.5707963267948966,
    -1.5707963267948966,
    1.5707963267948966,
    0.0
  ],
  "residual": 339.29,
  "n_observations": 6,
  "n_constraints": 96,
  "success": true,
  "timestamp": 1770539225.3386219,
  "links_mm": {
    "base": 121.5,
    "shoulder": 208.5,
    "elbow": 208.5,
    "wrist1": 0.0,
    "wrist2": 0.0,
    "end": 113.0
  },
  "joint_viz_offsets": [
    0,
    90,
    90,
    0,
    0,
    0
  ]
}