{
  "version": 2,
  "projection_type": "pinhole",
  "dh_theta_offsets_deg": [
    -4.578726803742349,
    -29.999999999999993,
    29.99999950696614,
    -29.999999999999993,
    0.8760954178875598,
    -29.999999995546776,
    0.0
  ],
  "camera_params": {
    "cam1": {
      "fx": 1050.3238299923491,
      "fy": 1515.9897492858727,
      "cx": 1003.9875258430101,
      "cy": 501.43191753550303,
      "rx": 1.7899844776410914,
      "ry": -1.5829467521148672,
      "rz": 1.713775610060715,
      "tx": -0.21280360388844272,
      "ty": 0.15658807705080327,
      "tz": 0.6161303710842163
    },
    "cam0": {
      "fx": 1808.063146246262,
      "fy": 1502.59033822891,
      "cx": 965.3697795262125,
      "cy": 557.5746278760666,
      "rx": 0.8394876988097475,
      "ry": -0.04402343540636189,
      "rz": -1.744707564215465,
      "tx": -0.0003755355315854879,
      "ty": -0.0012472016089325165,
      "tz": 0.10000000000000002
    }
  },
  "dh_d_mm": [
    121.5,
    0.0,
    208.5,
    0.0,
    208.5,
    0.0,
    113.0
  ],
  "dh_alpha": [
    -1.5707963267948966,
    1.5707963267948966,
    -1.5707963267948966,
    1.5707963267948966,
    -1.5707963267948966,
    1.5707963267948966,
    0.0
  ],
  "residual": 302.07,
  "n_observations": 21,
  "n_constraints": 336,
  "success": true,
  "timestamp": 1770538888.389917,
  "links_mm": {
    "base": 121.5,
    "shoulder": 208.5,
    "elbow": 208.5,
    "wrist1": 0.0,
    "wrist2": 0.0,
    "end": 113.0
  },
  "joint_viz_offsets": [
    0,
    90,
    90,
    0,
    0,
    0
  ]
}