{
  "camera_id": 0,
  "rvec": [
    0.6864191704916234,
    -2.1344526530758055,
    1.1952921889171988
  ],
  "tvec": [
    -0.03418165403795669,
    0.253786553709028,
    0.740700095048119
  ],
  "R": [
    [
      -0.6917116814165081,
      -0.6800844796700043,
      -0.24294042542139146
    ],
    [
      -0.14823201066941527,
      0.46294358056004636,
      -0.8739053222352786
    ],
    [
      0.7067971567605867,
      -0.5684789721091039,
      -0.42103377235671613
    ]
  ],
  "K": [
    [
      1401.18,
      0.0,
      1007.16
    ],
    [
      0.0,
      1381.24,
      568.13
    ],
    [
      0.0,
      0.0,
      1.0
    ]
  ],
  "dist": [
    0.480481,
    -0.379178,
    -0.002917,
    -0.050334,
    -2.209344
  ],
  "camera_position_world_m": [
    -0.5095492794433485,
    0.2803371604013545,
    0.5253410696275687
  ],
  "reprojection_error_mean_px": 156.6408083670751,
  "reprojection_error_median_px": 119.9006450401197,
  "num_correspondences": 100,
  "method": "EPnP + Levenberg-Marquardt refinement",
  "source": "LLM (Gemini 2.0 Flash) joint detection + FK, 20 poses, cam0",
  "intrinsics_source": "checkerboard_calibration_2026-02-09",
  "note": "Extrinsics from EPnP still using old correspondences \u2014 should re-solve with corrected intrinsics for better accuracy"
}